model,cls,pr_auc,w_spearman
rf_handcrafted_clf,0.5284591463631692,0.5314224752275957,0.5255286825856946
rf_handcrafted_reg,0.46502213083969596,0.4999056859847245,0.43468938684032776
random,0.3126772155584251,0.5706890159272395,0.2153267487384236
esm_logreg,0.18365251173189748,0.38110813896514806,0.12097450799989659
all_inactive,0.0,0.3684210526315789,0.0
