held_out_family,n_in_family,n_active,k_sent_to_lab,captured_pct,random_baseline_pct,lift_pp
CRISPR-associated,5,0,1,0.0,0.0,0.0
Group_II_Intron,5,2,1,92.5925925925926,19.333333333333332,73.25925925925925
LTR_Retrotransposon,11,2,3,0.0,28.05813953488372,-28.05813953488372
Other,5,0,1,0.0,0.0,0.0
Retron,12,5,4,60.71428571428571,35.19642857142857,25.517857142857142
Retroviral,18,12,5,35.064935064935064,27.79350649350649,7.271428571428573
Unclassified,1,0,1,0.0,100.0,-100.0
