model,cls,pr_auc,w_spearman,PRAUC_Retroviral,PRAUC_Retron,PRAUC_LTR_Retrotransposon,PRAUC_Group_II_Intron
isofambal_stack,0.4975459074422115,0.6368925914806896,0.40822889586402616,0.8051001082251084,0.6587301587301588,0.20833333333333331,1.0
fambal_rf_clf,0.46668840612473056,0.5002456658767076,0.43735026780501396,0.796324161949162,0.6587301587301588,0.19642857142857142,1.0
stacked_meta,0.0,0.2669286084667809,0.0,0.6464368964368964,0.5655122655122655,0.19642857142857142,1.0
