model,cls,pr_auc,w_spearman,PRAUC_Retroviral,PRAUC_Retron,PRAUC_LTR_Retrotransposon,PRAUC_Group_II_Intron
isotonic_handonly_plus_id,0.5104993656719479,0.5169102658280704,0.5042455378587123,0.7897301228183582,0.4555555555555555,0.19444444444444442,1.0
isotonic_id_only,0.020101416742645997,0.4438185562308811,0.01028359040548909,0.8128472222222223,0.6857142857142857,0.17424242424242425,0.75
